Title,Price,Ratings,Delivery Date
"Sleepyhead Twin XL 2 Inch Gel Memory Foam Mattress Topper for College Dorm – Thick, Cooling & Comfortable Mattress Pad with Washable Cover – Dorm Room Essentials for College Students (XL Twin 2"")",$236.00,505,Aug 25 - Sep 3
ViscoSoft 4 Inch Memory Foam Mattress Topper Twin XL - Select High Density Extra Long Ventilated Mattress Pad - Removable Bamboo-Rayon Cover,$189.95,"14,131","Tue, Aug 19"
"ABENE Twin XL Dual Layer 3 Inch Memory Foam Mattress Topper for College Dorm Room, 2 Inch Memory Foam Plus 1 Inch Soft Extra Long Pillowtop Mattress Pad Cover, Thick Bed Topper for Back Pain",$135.99,"1,916","Mon, Aug 18"
"ABENE Twin XL Size Mattress Topper for College Dorm, Extra Long Mattress Pad Pillowtop, Soft Plush Mattress Cover Bed Topper with Deep Pocket, Overfilled Down Alternative Filling, White",$48.97,"5,051",Aug 18 - 22
LINENSPA Memory Foam Mattress Topper - 2 Inch Gel Infused Memory Foam - Plush Feel - Cooling and Pressure Relieving - CertiPUR Certified - Dorm Room Essentials - Twin XL Size,$44.99,"129,842","Sat, Aug 16"
"Bedsure Twin XL Mattress Pad - Soft Mattress Topper for College Dorm Room Essentials, Extra Long Twin Quilted Fitted Bed Cover Protector with 8-21 Inches Deep Pocket, Washable, White, 39x80 Inches",$45.99,"27,477",Aug 17 - 22
LUCID 4 Inch Gel Memory Foam Mattress Topper-Ventilated Design-Ultra Plush-Twin XL,$89.99,"67,858","Sat, Aug 16"
"Sleepyhead Twin XL 3 Inch Gel Memory Foam Mattress Topper for College Dorm – Thick, Cooling & Comfortable Mattress Pad with Washable Cover – Dorm Room Essentials for College Students (XL Twin 3"")",$319.00,505,Sustainability features
"3 inch Firm Twin Mattress Topper for College Dorm, Memory Foam Bed Topper with Soft & Firm Options for Back Pain Relief, Mattress Topper with 2-Sided Cover, CertiPUR Certified, Dorm Bed",$89.99,487,Sustainability features
"Lucid 2 Inch Ventilated Bamboo Charcoal Memory Foam Mattress Topper, CertiPUR-US Certified, Moisture and Odor Control-Cal King",$111.47,"16,203",Sustainability features
"RECCI 2 Inch TwinXL Memory Foam Mattress Topper for College Dorm, Pressure-Relieving Mattress Topper for Back Pain, Non-Slip Design with Removable & Washable Cover, CertiPUR-US Certified, TwinXL Size",$89.99,"7,728",Sustainability features
"ELEMUSE Twin XL Dual Layer 3 Inch Memory Foam Mattress Topper for College Dorm Room Essentials, 2 Inch Cooling Gel Memory Foam and 1 Inch Washale Soft Pillow Top Extra Long Twin Mattress Pad Cover",$159.99,"5,150",Sustainability features
"SINWEEK Mattress Topper Twin XL, 2 Inch Gel Memory Foam Mattress Topper College Dorm Ventilated Soft Mattress Pad, Bed Topper, CertiPUR-US Certified",$36.99,"6,606",Aug 16 - 19
"Sleepyhead Twin XL 2 Inch Gel Memory Foam Mattress Topper for College Dorm – Thick, Cooling & Comfortable Mattress Pad with Washable Cover – Dorm Room Essentials for College Students (XL Twin 2"")",$236.00,505,Aug 25 - Sep 3
ViscoSoft 4 Inch Pillow Top Memory Foam Mattress Topper Twin XL - Cooling CertiPur-US Certified - Extra Long Hybrid Lux Dual Layer Mattress Pad - Perfect for College Dorms,$169.95,"12,098","Thu, Aug 14"
"3 inch Firm Twin Mattress Topper for College Dorm, Memory Foam Bed Topper with Soft & Firm Options for Back Pain Relief, Mattress Topper with 2-Sided Cover, CertiPUR Certified, Dorm Bed",$89.99,487,"Sat, Aug 16"
"BedsPick Twin XL Mattress Topper, 2 Inch Gel Memory Foam Topper for Dorm & College Students - Soft Grey Cover with Adjustable Straps, Pressure Relief, CertiPUR-US Certified",$79.99,9,Aug 15 - 19
"Lucid 2 Inch Ventilated Bamboo Charcoal Memory Foam Mattress Topper, CertiPUR-US Certified, Moisture and Odor Control-Cal King",$111.47,"16,203","Sat, Aug 16"
"Twin XL Mattress Topper for Back Pain Relief, Extra Thick Pillow Top Plush Mattress Pad with Deep Pocket, Soft Pillowtop TwinXL Size Bed Toppers Filled Fluffy, College Dorm, White",$49.99,563,"Mon, Aug 18"
"Hansleep College Dorm Twin XL Mattress Topper Viscose Derived from Bamboo, Memory Foam Pillow Top Mattress Topper Twin XL, Breathable Mattress Pad for Back Pain Relief, 39"" x 80"", White",$28.37,"7,815","Sat, Aug 16"
ViscoSoft 3 Inch Memory Foam Mattress Topper Twin XL - Select High Density Ventilated Extra Long Mattress Pad - Premium Removable Rayon Cover,$159.94,"14,131","Thu, Aug 14"
"ABENE Twin XL Dual Layer 3 Inch Memory Foam Mattress Topper for College Dorm Room, 2 Inch Memory Foam Plus 1 Inch Soft Extra Long Pillowtop Mattress Pad Cover, Thick Bed Topper for Back Pain",$135.99,"1,916","Mon, Aug 18"
"BedsPick Twin XL Mattress Topper, Collage Dorm Size, Gel-Infused Memory Foam, CertiPUR-US Certified, 2 Inch Style, Breathable Bed Toppers for Collage Students and Six-Footers",$49.99,258,Aug 15 - 19
"Bedsure Queen Mattress Pad - Quilted Fitted Mattress Topper Protector with 8-21 Inches Deep Pocket, Noiseless Breathable Bed Cover Padded, Machine Washable, White, 60x80 Inches",$25.99,"27,477","Sat, Aug 16"
"Bare Home Twin XL Mattress Topper Cotton Top - Twin Extra Long - Soft Plush Topper for Mattress - College Dorm Room Essentials - Cooling Breathable Air Flow - 8"" to 21"" Deep Pocket (Twin XL, White)",$40.99,263,"Sat, Aug 16"
BedsPick 3 Inch Twin XL Memory Foam Mattress Topper - College Dorm Gel Cooling Single Extra Long Bed Toppers - CertiPUR-US - Plush Pad for Pressure Relief - Ventilated and Breathable,$82.10,"3,781",Aug 15 - 20
"ELEMUSE Twin Size Dual Layer 3 Inch Memory Foam Mattress Topper, 2 Inch Cooling Gel Memory Foam and 1 Inch Thick Soft Pillow Top Mattress Pad Cover for Back Pain Relief, Bed Topper for Side Sleep",$89.99,"5,150","Mon, Aug 18"
"CYMULA Twin XL Mattress Topper - Soft Cooling Mattress Pad for College Dorm Room Essentials - Extra Thick Long Protector Cover for Back Pain, Single Bed Topper Pillow Top with 8''-21'' Deep Pocket",$35.99,"2,461",Aug 18 - 20
"Bedsure Twin XL Mattress Topper, 900GSM Thick Soft Mattress Topper for College Dorm Room Essentials with Deep Pocket up to 6-21 Inches, Quilted Fitted Breathable Twin Extra Long Bed Pad Cover, White",$40.99,981,Aug 19 - 20
"SINWEEK 2 Inch Gel Memory Foam Mattress Topper Twin Size, Ventilated High Density Pad for Back Pain, Bed Topper with Removable Soft Cover, CertiPUR-US Certified",$49.99,"1,623","Sat, Aug 16"
"ELEMUSE Twin XL Dual Layer 3 Inch Memory Foam Mattress Topper for College Dorm Room Essentials, 2 Inch Cooling Gel Memory Foam and 1 Inch Washale Soft Pillow Top Extra Long Twin Mattress Pad Cover",$159.99,"5,150","Mon, Aug 18"
"ELEMUSE Twin XL Mattress Topper for College Dorm, Thick Extra Long Twin Mattress Pad Cover for Back Pain, Plush Soft Pillowtop with Elastic Deep Pocket, Overfilled Down Alternative Filling",$51.18,"18,403","Wed, Aug 20"
"SINWEEK 2 Inch Egg Crate Memory Foam Mattress Topper Twin XL, Twin Extra Long Mattress Pads for College Dorm Single Bed, Pressure Relieve CertiPUR-US Certified,39x80 Inches, Colorful",$38.99,200,"Sat, Aug 16"
"RECCI 3 Inch TwinXL Memory Foam Mattress Topper for College Dorm, Pressure-Relieving Mattress Topper for Back Pain, Non-Slip Design with Removable & Washable Cover, CertiPUR-US Certified, TwinXL Size",$105.99,"7,728",Aug 27 - Sep 22
"SINWEEK 2 Inch Memory Foam Mattress Topper Twin XL, Twin Extra Long Mattress Pads for College Dorm Single Bed, Pressure Relieve CertiPUR-US Certified, 39x80 Inches, Blue",$46.99,"2,865","Sat, Aug 16"
"Bare Home Twin XL Quilted Mattress Pad - Twin Extra Long - Soft Mattress Topper - College Dorm Room Essentials - Easily Washable & Comfortable - Fitted Cover - Up to 15 Inches Deep (Twin XL, White)",$28.99,"2,977",Aug 16 - 20
"2 Inch Cooling Gel Memory Foam Mattress Topper Twin XL, 5-Zone Back Pain Relief College Dorm Mattress Topper, Orthopedic Pressure Relief Bed Topper, CertiPUR-US Certified",$59.99,196,"Mon, Aug 18"
"Dual Layer Memory Foam Twin XL Mattress Topper - 2 Inch Gel Egg Crate Foam and 2 Inch Cooling Pillow Top Cover Rayon, Twin Extra Long College Dorm Support for Back Pain",$107.99,493,"Sat, Aug 16"
"Mattress Topper Twin Size, CYMULA PillowTop Mattress Pad Cover for Dorm College Bed Hospital Back Pain, Cooling Mattress Protector Extra Thick Firm Soft Fill with 8-21 Inch Deep Pocket, 39""x75""Gray",$41.64,"1,293","Mon, Aug 18"
"BedsPick Mattress Topper Twin XL 3 inch,Gel Infused Memory Foam Mattress Pad,College Dorm Extra Long Twin XL Single Bed Toppers,Ventilated and Breathable",$69.96,283,"Wed, Aug 20"
"AwsumPick 3 Inch Twin XL Memory Foam Mattress Topper, Charcoal Infused Mattresses Pad for College Dorm, Soft Extra Long Twin Bed Toppers, CertiPUR-US Certified",$65.99,354,Aug 15 - 19
3 Inch Memory Foam Mattress Topper for College Dorm Bed - Twin XL Size | Extra Long Twin |High Density Cooling Bed Topper Pressure Relief with Removable & Washable Cover,$99.99,11,"Wed, Aug 20"
"Twin XL Mattress Topper for Back Pain Relief, Extra Thick Pillow Top Plush Mattress Pad with Deep Pocket, Soft Pillowtop TwinXL Size Bed Toppers Filled Fluffy, College Dorm, White",$49.99,563,"Mon, Aug 18"
"Love's cabin Twin XL Mattress Topper, Rayon Derived from Bamboo, 900 GSM Mattress Topper Pad College Dorm Size, Thick Pillow Top Mattress Pad for with 8""-20"" Deep Pocket(39""x80"")",$32.99,216,"Sat, Aug 16"
BedsPick 3 Inch Twin XL Memory Foam Mattress Topper - College Dorm Gel Cooling Single Extra Long Bed Toppers - CertiPUR-US - Plush Pad for Pressure Relief - Ventilated and Breathable,$82.10,"3,781",Aug 15 - 20
"Bare Home Twin XL Mattress Topper Cotton Top - Twin Extra Long - Soft Plush Topper for Mattress - College Dorm Room Essentials - Cooling Breathable Air Flow - 8"" to 21"" Deep Pocket (Twin XL, White)",$40.99,263,"Sat, Aug 16"
"Ultra Soft Twin XL Size Mattress Topper - Viscose Made from Bamboo Pillow Top Mattress Pad for Back Pain Relief - Naturally Cooling for Hot Sleepers, Green",$48.97,"33,099",Sustainability features
"PERLECARE Twin XL Mattress Topper - 3 Inch Cooling Memory Foam Mattress Pad for Pressure Relief,Bed Topper with Bamboo Cover,Removable & Washable & Non-Slip,CertiPUR-US & Oeko-Tex Certified",$48.97,674,Sustainability features
"PERLECARE 3 Inch Twin XL Memory Foam Mattress Topper, Cooling Gel Infused Mattress Pad, Ventilated Bed Topper for Pressure Relief, CertiPUR-US Certified, Dorm Room Essentials, Blue",$48.97,"2,624",Sustainability features
"ABENE Twin XL Size Mattress Topper for College Dorm, Extra Long Mattress Pad Pillowtop, Soft Plush Mattress Cover Bed Topper with Deep Pocket, Overfilled Down Alternative Filling, White",$48.97,"5,051",Aug 18 - 22
"BedsPick Twin XL Mattress Topper, 3 Inch Cooling Gel Memory Foam Topper for Dorm & College Students - with Soft Cover, Pressure Relief, CertiPUR-US Certified",$99.99,91,Aug 15 - 19
"Bedsure Twin XL Mattress Topper - 800 GSM Waterproof Mattress Topper for College Dorm Room Essentials with 8-21 Inches Deep Pocket, Pillow Top Twin Extra Long Bed Pad Fitted for Bedroom - White",$39.99,712,Aug 17 - 20
"SINWEEK 2 Inch Egg Crate Memory Foam Mattress Topper Twin XL, Twin Extra Long Mattress Pads for College Dorm Single Bed, Pressure Relieve CertiPUR-US Certified,39x80 Inches",$34.99,899,"Sat, Aug 16"
"OhGeni Cooling 4 inch Dual Layer Twin XL Mattress Topper for College Dorm Room Essentials, 2 inch Gel Memory Foam, 2 inch Down Alternative Pillow Top Pad, Mattresses Cover for Bed, 6”-19” Deep Pocket",$119.99,297,"Sat, Aug 16"
"BedsPick Mattress Topper Twin XL - College Dorm 2 inch Gel Infused Memory Foam XL Twin Mattress Toppers,Soft Foam Pad Toppers for Pressure Relief,CertiPUR Certified,Twin XL Size",$55.99,124,Aug 15 - 19
"Nelaukoko 2 Inch Memory Foam Twin XL Mattress Topper Bed Topper for College Dorm, Gel Soft Foam Mattress Pad, 2 Inch Mattress Topper Ventilated and Breathable – CertiPUR",$49.99,343,Aug 14 - 15
"BedsPick Memory Foam Mattress Topper Twin XL, 2 Inch Thick Bed Topper Pad Cooling Gel Infused Soft Comfy Padding Breathable for College Dorm Sleeper Sofa Couch RV Camper, CertiPUR-US Certified",$43.69,126,Aug 15 - 19
"BedsPick 2 Inch Mattress Topper Twin XL Memory Foam, Gel Mattresses Pad Extra Long Twin for Back Pain Relief, Plush College Dorm Bed Toppers for RV, Camp, Couch, Bunk and Hospital",$49.99,365,Aug 15 - 20
"Mattress Topper Twin XL College Dorm, Bed Topper Twin XL Cooling Mattress Pad Cover for College, Pillow Top Mattress Topper with Deep Pockets, Breathable Fluffy Fill Mattress Protector",$49.99,"1,148","Sat, Aug 16"
BedsPick Twin XL Mattress Topper Memory Foam Gel Cooling Infused Mattress Pad Twin XL College Dorm Extra Long XLong Bed Toppers– 2 Inch Mattress Topper Ventilated and Breathable – CertiPUR,$79.91,30,Aug 15 - 19
"BedsPick 3 Inch Twin XL Mattress Topper, Gel Infused Memory Foam Mattress Topper XL Twin, Ventilated Bed Toppers, Extra Long Mattress Pad for College Dorm, CertiPUR-US Certified, Grey-White",$79.99,64,Aug 15 - 19
Niagara Mattress Topper Twin XL Extra Long Quilted Back Pain Relief Plush Down Alternative Pillow Top Fitted Skirt Protector Cooling Mattress Pad Deep Pocket Fits 20 Inches Soft White (39x80 Inches),$21.99,690,"Sat, Aug 16"
"MATBEBY Twin XL Mattress Pad - Cooling Breathable Mattress Topper, Quilted Fitted Mattress Protector, Pillow Top Mattress Cover with 8-21"" Deep Pocket, Soft, Machine Washable, White, Twin Extra Long",$35.99,"40,429","Sat, Aug 16"
"Bedsure Twin XL Mattress Protector Waterproof - Extra Long Twin Waterproof Mattress Topper Pad for College Dorm Essentials, Noiseless Bed Cover Padded with 8-21 Inches Deep Pocket,White, 39x80 Inches",$42.99,"1,072","Mon, Aug 18"
"Twin XL Mattress Topper Pad Protector Quilted Waterproof, Absorbent Twin Extra Long Mattress Topper Cover for College Dorm Room Essentials for Girls,Deep Pocket Stretches up to 16 Inch",$16.10,"2,157","Sat, Aug 16"
"Sleepyhead Twin XL 2 Inch Gel Memory Foam Mattress Topper for College Dorm – Thick, Cooling & Comfortable Mattress Pad with Washable Cover – Dorm Room Essentials for College Students (XL Twin 2"")",$236.00,505,Sustainability features
"3 inch Firm Twin Mattress Topper for College Dorm, Memory Foam Bed Topper with Soft & Firm Options for Back Pain Relief, Mattress Topper with 2-Sided Cover, CertiPUR Certified, Dorm Bed",$89.99,487,Sustainability features
"Lucid 2 Inch Ventilated Bamboo Charcoal Memory Foam Mattress Topper, CertiPUR-US Certified, Moisture and Odor Control-Cal King",$111.47,"16,203",Sustainability features
"RECCI 2 Inch TwinXL Memory Foam Mattress Topper for College Dorm, Pressure-Relieving Mattress Topper for Back Pain, Non-Slip Design with Removable & Washable Cover, CertiPUR-US Certified, TwinXL Size",$89.99,"7,728",Sustainability features
Lucid 4 Inch Lavender Infused Memory Foam Mattress Topper - Ventilated Design – Pressure Relieving Bed Topper - Mattress Pad – CertiPur Certified - King Size,$169.99,"19,658",Sustainability features
